modelo,particion,accuracy,f1_macro,f1_weighted
dummy_frecuente,val,0.9963759909399773,0.33272823538310264,0.9945672757306467
dummy_frecuente,test,0.7152077907371759,0.27798684007834334,0.5964550612393217
arbol,val,0.7080407701019252,0.2823998179992951,0.8259892971000833
arbol,test,0.5608651341863888,0.4229731607039732,0.6035331396900617
random_forest,val,0.8087202718006795,0.31146599925863605,0.8910211055200778
random_forest,test,0.6129543653040426,0.4459245947070493,0.650612365920046
gbm,val,0.7173272933182333,0.2898514448514449,0.8323533007825193
gbm,test,0.5555429736156721,0.4139616232656717,0.5988427406149294
xgboost,val,0.6959229898074745,0.285164820893178,0.8175562706127839
xgboost,test,0.5678858566413769,0.42217018365249337,0.6070210698642424
adaboost,val,0.7437146092865232,0.2965250859146708,0.8498391763964276
adaboost,test,0.5482957762427811,0.409231981075118,0.5848432184311732
