modelo,particion,mae,rmse,r2,mape_pct
persistencia,val,0.013223221485453811,0.041618347421412225,0.770175835725181,1.069112320657825
persistencia,test,0.024645529670092533,0.07839744034701994,0.693729756476242,2.0518733013925305
persistencia_diaria,val,0.06134712307507978,0.11405089218215729,-0.725930887099334,5.010478185688547
persistencia_diaria,test,0.10350916088830146,0.18491833742369038,-0.7039662846414858,9.35739423320778
ridge_lags,val,0.019929927402812502,0.042010998474427644,0.765818796262683,1.5956068200305835
ridge_lags,test,0.03269939861745278,0.07900338315129267,0.6889770644841202,2.7544840590318413
random_forest_lags,val,0.0165563742264213,0.0386608489060627,0.801678956515523,1.3308922861696721
random_forest_lags,test,0.03057720646768111,0.07673917062885087,0.7065492393700981,2.5853784501209978
mlp_ventanas,val,0.02246760457638007,0.06777742127843248,0.39046856312405864,1.8259332813834046
mlp_ventanas,test,0.035079186128577335,0.09242321658469549,0.5743396523563004,2.9544213636684713
